model,split,MAE,RMSE,R2
dummy_mean_baseline,train,1376.0551897421947,1558.269541486941,0.0
dummy_mean_baseline,validation,1527.2661845735913,1714.155791396354,-0.028911480791170785
linear_regression,train,392.22384769488116,577.0272003045189,0.862877915184299
linear_regression,validation,817.1257552303573,1033.5269839424498,0.625957395471161
random_forest,train,153.54597152277242,256.0140081457732,0.9730075507080164
random_forest,validation,309.0438336851848,537.2055094539015,0.8989448738319074
hist_gradient_boosting,train,248.37709466372243,389.06150182785564,0.9376622168263767
hist_gradient_boosting,validation,376.9585815998402,588.5233969716866,0.8787156126769681
random_forest,test,406.1629775188401,634.1247930594415,0.8629979377096669
