model,split,MAE,RMSE,R2
dummy_mean_baseline,train,6733.047738852419,7754.845726912798,0.0
dummy_mean_baseline,validation,6717.702492397364,7711.90865909328,-9.29350504812465e-05
linear_regression,train,465.11005370293367,1103.1952344197064,0.9797624269571668
linear_regression,validation,823.8257023698515,1410.805130503814,0.9665303889211652
random_forest,train,154.85655435841744,452.019957870489,0.996602426223402
random_forest,validation,548.6012208724949,1356.3115968351894,0.9690660374545538
hist_gradient_boosting,train,163.47912525761222,381.57877928512806,0.99757884773049
hist_gradient_boosting,validation,548.3275236538286,1373.2564350326095,0.9682882732446445
random_forest,test,441.60228358424206,1221.795521591594,0.9682447785951971
