model,split,MAE,RMSE,R2
dummy_mean_baseline,train,6733.047738852419,7754.845726912798,0.0
dummy_mean_baseline,validation,6717.702492397364,7711.90865909328,-9.29350504812465e-05
linear_regression,train,465.11005370293395,1103.1952344197064,0.9797624269571668
linear_regression,validation,823.8257023698702,1410.805130503824,0.9665303889211647
random_forest,train,154.2462037138206,450.7691666587111,0.9966212031632454
random_forest,validation,549.4198128014705,1359.0065259048968,0.968942986591971
hist_gradient_boosting,train,163.47912525761222,381.57877928512806,0.99757884773049
hist_gradient_boosting,validation,548.3275236538286,1373.2564350326095,0.9682882732446445
random_forest,test,441.6751450655003,1223.0517212224083,0.9681794462154569
